{
	"info": {
		"_postman_id": "f82a87b5-f8d0-4b1d-8b77-cfff656f014e",
		"name": "TC RDM 01 - MEDIUM",
		"schema": "https://schema.getpostman.com/json/collection/v2.1.0/collection.json"
	},
	"item": [
		{
			"name": "GET List of species",
			"request": {
				"method": "GET",
				"header": [
					{
						"key": "Authorization",
						"value": "Key UncleBob",
						"type": "text"
					}
				],
				"url": {
					"raw": "{{URL}}",
					"host": [
						"{{URL}}"
					]
				}
			},
			"response": []
		},
		{
			"name": "GET /details/{specie}",
			"request": {
				"method": "GET",
				"header": [
					{
						"key": "Authorization",
						"value": "Key UncleBob",
						"type": "text"
					}
				],
				"url": {
					"raw": "{{URL}}/details/arabica",
					"host": [
						"{{URL}}"
					],
					"path": [
						"details",
						"arabica"
					]
				}
			},
			"response": []
		},
		{
			"name": "GET /images/{id}",
			"request": {
				"method": "GET",
				"header": [
					{
						"key": "Authorization",
						"type": "text",
						"value": "Key UncleBob"
					}
				],
				"url": {
					"raw": "{{URL}}/images/881beef4-f719-4689-a518-01c1e2d50b5e",
					"host": [
						"{{URL}}"
					],
					"path": [
						"images",
						"881beef4-f719-4689-a518-01c1e2d50b5e"
					]
				}
			},
			"response": []
		}
	],
	"protocolProfileBehavior": {}
}