{
	"info": {
		"_postman_id": "dafd40c6-dd01-4e06-a0a8-54b038e88927",
		"name": "RDM-1-Medium",
		"schema": "https://schema.getpostman.com/json/collection/v2.1.0/collection.json"
	},
	"item": [
		{
			"name": "List coffee species",
			"request": {
				"method": "GET",
				"header": [],
				"url": {
					"raw": "localhost:3000/coffee/species",
					"host": [
						"localhost"
					],
					"port": "3000",
					"path": [
						"coffee",
						"species"
					]
				}
			},
			"response": []
		},
		{
			"name": "Get detail of specie",
			"request": {
				"method": "GET",
				"header": [],
				"url": {
					"raw": "localhost:3000/coffee/species/detail?name=arabica",
					"host": [
						"localhost"
					],
					"port": "3000",
					"path": [
						"coffee",
						"species",
						"detail"
					],
					"query": [
						{
							"key": "name",
							"value": "arabica"
						}
					]
				}
			},
			"response": []
		}
	],
	"protocolProfileBehavior": {}
}