{
  "swagger": "2.0",
  "info": {
    "description": "Coffeelicious API",
    "version": "1.0.0",
    "title": "Coffeelicious"
  },
  "host": "localhost:3000",
  "basePath": "/",
  "tags": [
    {
      "name": "coffee",
      "description": "Alice's best coffees"
    }
  ],
  "paths": {
    "/coffee": {
      "get": {
        "tags": [
          "coffee"
        ],
        "summary": "Get coffee species",
        "produces": [
          "application/json"
        ],
        "responses": {
          "200": {
            "description": "successful operation",
            "schema": {
              "type": "array",
              "items": {
                "$ref": "#/definitions/CoffeeSpecies"
              }
            }
          }
        }
      }
    },
    "/coffee/{species}": {
      "get": {
        "tags": [
          "coffee"
        ],
        "summary": "Find coffee by species",
        "description": "Returns coffee details",
        "operationId": "getCoffees",
        "produces": [
          "application/json"
        ],
        "parameters": [
          {
            "name": "species",
            "in": "path",
            "description": " coffee species",
            "required": true,
            "type": "string"
          }
        ],
        "responses": {
          "200": {
            "description": "successful operation",
            "schema": {
              "$ref": "#/definitions/CoffeeDetail"
            }
          },
          "404": {
            "description": "Coffee not found"
          }
        }
      }
    }
  },
  "definitions": {
    "CoffeeSpecies": {
      "type": "object",
      "required": [
        "species"
      ],
      "properties": {
        "species": {
          "type": "string"
        }
      }
    },
    "CoffeeDetail": {
      "required": [
        "price",
        "desc",
        "images"
      ],
      "properties": {
        "price": {
          "type": "number"
        },
        "desc": {
          "type": "string"
        },
        "images": {
          "type": "array",
          "description" : "List of species images",
          "items": {
            "type": "string"
          }
        }
      }
    }
  }
}