{
	"info": {
		"_postman_id": "3affd0c6-4116-4d62-b241-5d993facaa57",
		"name": "coffee",
		"schema": "https://schema.getpostman.com/json/collection/v2.1.0/collection.json"
	},
	"item": [
		{
			"name": "get species",
			"request": {
				"method": "GET",
				"header": [],
				"url": {
					"raw": "http://localhost:4000/species",
					"protocol": "http",
					"host": [
						"localhost"
					],
					"port": "4000",
					"path": [
						"species"
					]
				}
			},
			"response": []
		},
		{
			"name": "get species by name",
			"request": {
				"method": "GET",
				"header": [],
				"url": {
					"raw": "http://localhost:4000/species/arabica",
					"protocol": "http",
					"host": [
						"localhost"
					],
					"port": "4000",
					"path": [
						"species",
						"arabica"
					]
				}
			},
			"response": []
		}
	],
	"protocolProfileBehavior": {}
}