{"context":"/home/birdofprey/Documents/topcoder/TC_RDM_01/HARD/rmd01_hard","entry":{"main":"./src/client","polyfills":["core-js/stable","regenerator-runtime/runtime","nodelist-foreach-polyfill","@dr.pogodin/react-utils/build/production/client/init"]},"node":{"__dirname":true,"fs":"empty"},"mode":"production","output":{"chunkFilename":"[name]-1602253143972.js","filename":"[name]-1602253143972.js","path":"/home/birdofprey/Documents/topcoder/TC_RDM_01/HARD/rmd01_hard/build/web-public","publicPath":"/"},"plugins":[{"options":{"filename":"[name]-1602253143972.css","ignoreOrder":false,"chunkFilename":"[name]-1602253143972.css"}},{"definitions":{"BUILD_INFO":"{\"key\":\"­æ/çm±\\u001e6þê!ÎÕÇ\\u0013Ë^ÿe4I\\ben\\u0004\\u00029Â\",\"publicPath\":\"\",\"timestamp\":\"2020-10-09T14:19:03.972Z\",\"useServiceWorker\":false}"}},{"opts":{"filename":"__stats__.json","fields":["assetsByChunkName"],"stats":{}}},{"definitions":{"process.env.BABEL_ENV":"\"production\"","process.env.NODE_ENV":"\"production\""}},{"pluginDescriptor":{"name":"OptimizeCssAssetsWebpackPlugin"},"options":{"assetProcessors":[{"phase":"compilation.optimize-chunk-assets","regExp":{}}],"assetNameRegExp":{},"cssProcessorOptions":{"discardUnused":false,"reduceIdents":false,"zindex":false},"cssProcessorPluginOptions":{}},"phaseAssetProcessors":{"compilation.optimize-chunk-assets":[{"phase":"compilation.optimize-chunk-assets","regExp":{}}],"compilation.optimize-assets":[],"emit":[]},"deleteAssetsMap":{}}],"resolve":{"alias":{"assets":"/home/birdofprey/Documents/topcoder/TC_RDM_01/HARD/rmd01_hard/src/assets","components":"/home/birdofprey/Documents/topcoder/TC_RDM_01/HARD/rmd01_hard/src/shared/components","fonts":"/home/birdofprey/Documents/topcoder/TC_RDM_01/HARD/rmd01_hard/src/assets/fonts","styles":"/home/birdofprey/Documents/topcoder/TC_RDM_01/HARD/rmd01_hard/src/styles"},"extensions":[".js",".json",".jsx",".scss"],"symlinks":false},"module":{"rules":[{"test":{},"include":[{},{}],"loader":"file-loader","options":{"outputPath":"fonts/","publicPath":"/fonts","name":"[md5:hash].[ext]"}},{"test":{},"exclude":[{}],"loader":"babel-loader","options":{"babelrc":false,"configFile":false,"envName":"production","presets":["@dr.pogodin/react-utils/config/babel/webpack"]}},{"test":{},"loader":"file-loader","options":{"outputPath":"images/","publicPath":"/images","name":"[md5:hash].[ext]"}},{"test":{},"use":["/home/birdofprey/Documents/topcoder/TC_RDM_01/HARD/rmd01_hard/node_modules/mini-css-extract-plugin/dist/loader.js",{"loader":"css-loader","options":{"modules":{"localIdentName":"[hash:base64:6]"}}},{"loader":"postcss-loader","options":{"postcssOptions":{"plugins":[null]}}},"resolve-url-loader",{"loader":"sass-loader","options":{"sourceMap":true}}]},{"test":{},"use":["/home/birdofprey/Documents/topcoder/TC_RDM_01/HARD/rmd01_hard/node_modules/mini-css-extract-plugin/dist/loader.js","css-loader"]}]},"optimization":{"splitChunks":false}}